lab-1-2023-2-cedt-K1EW,COPIED
lab-1-2023-2-cedt-KImmaphat,COPIED
lab-1-2023-2-cedt-KanchaiT,COPIED
lab-1-2023-2-cedt-KanitSub,COPIED
lab-1-2023-2-cedt-KeSuDr,COPIED
lab-1-2023-2-cedt-Khuntawee,COPIED
lab-1-2023-2-cedt-KinkPapawin,NO_PNG
lab-1-2023-2-cedt-KodchaDew,COPIED
lab-1-2023-2-cedt-Kongfha,COPIED
lab-1-2023-2-cedt-KotNatthanan,COPIED
lab-1-2023-2-cedt-KpSuphakorn,COPIED
lab-1-2023-2-cedt-Kuzuryuz,COPIED
lab-1-2023-2-cedt-LDZA01,NO_PNG
lab-1-2023-2-cedt-LLO542,COPIED
lab-1-2023-2-cedt-LapisBerry,COPIED
lab-1-2023-2-cedt-MIRaGE-NP,COPIED
lab-1-2023-2-cedt-MarquisZlott,NO_PNG
lab-1-2023-2-cedt-MavinMetavin,NO_PNG
lab-1-2023-2-cedt-Meeiron,COPIED
lab-1-2023-2-cedt-Methasitlovecat,NO_PNG
lab-1-2023-2-cedt-MoosaTae,COPIED
lab-1-2023-2-cedt-Mossqitos,NO_PNG
lab-1-2023-2-cedt-MyChadum07,COPIED
lab-1-2023-2-cedt-MysteryJack,COPIED
lab-1-2023-2-cedt-kangkengkhadev,NO_PNG
lab-1-2023-2-cedt-kaorat,COPIED
lab-1-2023-2-cedt-kawinwatleo,COPIED
lab-1-2023-2-cedt-kawkongq,NO_PNG
lab-1-2023-2-cedt-kcopyk,COPIED
lab-1-2023-2-cedt-kharutta,COPIED
lab-1-2023-2-cedt-khongkrapuns,COPIED
lab-1-2023-2-cedt-kiszxly,COPIED
lab-1-2023-2-cedt-kittipong9000,COPIED
lab-1-2023-2-cedt-kkpongza,COPIED
lab-1-2023-2-cedt-kong1912,NO_PNG
lab-1-2023-2-cedt-konglol524,COPIED
lab-1-2023-2-cedt-koontimmmy,NO_PNG
lab-1-2023-2-cedt-kphotchara,COPIED
lab-1-2023-2-cedt-ktpmix,COPIED
lab-1-2023-2-cedt-kwinboss,COPIED
lab-1-2023-2-cedt-lDarkBeatl,COPIED
lab-1-2023-2-cedt-maamossey,COPIED
lab-1-2023-2-cedt-maisoravit,COPIED
lab-1-2023-2-cedt-marshmeowllo,COPIED
lab-1-2023-2-cedt-martnarabodee,COPIED
lab-1-2023-2-cedt-mdpmodel,COPIED
lab-1-2023-2-cedt-mingssii,COPIED
