lab-1-2023-2-cedt-0PO9,NO_PNG
lab-1-2023-2-cedt-6633008321,COPIED
lab-1-2023-2-cedt-6633193721,NO_PNG
lab-1-2023-2-cedt-6633215921,COPIED
lab-1-2023-2-cedt-6633256621,NO_PNG
lab-1-2023-2-cedt-9natthaphong,COPIED
lab-1-2023-2-cedt-Aftermin,COPIED
lab-1-2023-2-cedt-Aliss09,NO_PNG
lab-1-2023-2-cedt-Alknot1122,COPIED
lab-1-2023-2-cedt-Aquaturner,COPIED
lab-1-2023-2-cedt-ArGuidee,NO_PNG
lab-1-2023-2-cedt-Asiwishchu,COPIED
lab-1-2023-2-cedt-Assariii,COPIED
lab-1-2023-2-cedt-AtipatSiwhatrakool,COPIED
lab-1-2023-2-cedt-Au1z,COPIED
lab-1-2023-2-cedt-AugustPN,MULTIPLE_PNGS
lab-1-2023-2-cedt-Banknn,COPIED
lab-1-2023-2-cedt-BasilBaha,COPIED
lab-1-2023-2-cedt-Bboomwrp,NO_PNG
lab-1-2023-2-cedt-BoondaPanich,NO_PNG
lab-1-2023-2-cedt-Bossomdn,COPIED
lab-1-2023-2-cedt-Caelus-J,COPIED
lab-1-2023-2-cedt-Chanayaa,COPIED
lab-1-2023-2-cedt-Chokdee-Sigazen,COPIED
lab-1-2023-2-cedt-Chulinuwu,COPIED
lab-1-2023-2-cedt-Cottariee,COPIED
lab-1-2023-2-cedt-Darjeeling47,COPIED
lab-1-2023-2-cedt-DecQmenT,COPIED
lab-1-2023-2-cedt-Ditlap6633079921,NO_PNG
lab-1-2023-2-cedt-FaiiFaiipuipui,COPIED
lab-1-2023-2-cedt-FieldPs,COPIED
lab-1-2023-2-cedt-Gannub,COPIED
lab-1-2023-2-cedt-Gholos,NO_PNG
lab-1-2023-2-cedt-Ginkglow,COPIED
lab-1-2023-2-cedt-Goddaniel96,COPIED
lab-1-2023-2-cedt-Gunsua,COPIED
lab-1-2023-2-cedt-HRNPH,COPIED
lab-1-2023-2-cedt-HTUqEmplankess,COPIED
lab-1-2023-2-cedt-Haseef2005,COPIED
lab-1-2023-2-cedt-HuaTanakrit,COPIED
lab-1-2023-2-cedt-Iamhuman02,NO_PNG
lab-1-2023-2-cedt-Icegoo141,COPIED
lab-1-2023-2-cedt-Idinmaster,COPIED
lab-1-2023-2-cedt-Imnotmetch,COPIED
lab-1-2023-2-cedt-ItLieMai,COPIED
lab-1-2023-2-cedt-Itttikorn,COPIED
lab-1-2023-2-cedt-J56164,COPIED
lab-1-2023-2-cedt-JWCEDT01,NO_PNG
lab-1-2023-2-cedt-Janeninie,COPIED
lab-1-2023-2-cedt-Jason-SV,COPIED
lab-1-2023-2-cedt-JiratchayaPremsil,NO_PNG
lab-1-2023-2-cedt-K1EW,COPIED
lab-1-2023-2-cedt-KImmaphat,COPIED
lab-1-2023-2-cedt-KanchaiT,COPIED
lab-1-2023-2-cedt-KanitSub,COPIED
lab-1-2023-2-cedt-KeSuDr,COPIED
lab-1-2023-2-cedt-Khuntawee,COPIED
lab-1-2023-2-cedt-KinkPapawin,NO_PNG
lab-1-2023-2-cedt-KodchaDew,COPIED
lab-1-2023-2-cedt-Kongfha,COPIED
lab-1-2023-2-cedt-KotNatthanan,COPIED
lab-1-2023-2-cedt-KpSuphakorn,COPIED
lab-1-2023-2-cedt-Kuzuryuz,COPIED
lab-1-2023-2-cedt-LDZA01,NO_PNG
lab-1-2023-2-cedt-LLO542,COPIED
lab-1-2023-2-cedt-LapisBerry,COPIED
lab-1-2023-2-cedt-MIRaGE-NP,COPIED
lab-1-2023-2-cedt-MarquisZlott,NO_PNG
lab-1-2023-2-cedt-MavinMetavin,NO_PNG
lab-1-2023-2-cedt-Meeiron,COPIED
lab-1-2023-2-cedt-Methasitlovecat,NO_PNG
lab-1-2023-2-cedt-MoosaTae,COPIED
lab-1-2023-2-cedt-Mossqitos,NO_PNG
lab-1-2023-2-cedt-MyChadum07,COPIED
lab-1-2023-2-cedt-MysteryJack,COPIED
lab-1-2023-2-cedt-NAT-SIRIRUANGBUN,MULTIPLE_PNGS
lab-1-2023-2-cedt-NNANIKO,COPIED
lab-1-2023-2-cedt-Natpon,COPIED
lab-1-2023-2-cedt-NattaneeS,COPIED
lab-1-2023-2-cedt-NattawitMana,COPIED
lab-1-2023-2-cedt-Nawakorn23,COPIED
lab-1-2023-2-cedt-NeneWassaP,COPIED
lab-1-2023-2-cedt-NewBieCoderXD,COPIED
lab-1-2023-2-cedt-Nisha11045,COPIED
lab-1-2023-2-cedt-Nitchakan04,COPIED
lab-1-2023-2-cedt-NitchakarnJ,COPIED
lab-1-2023-2-cedt-NithinanS,COPIED
lab-1-2023-2-cedt-NongChai5252,NO_PNG
lab-1-2023-2-cedt-Nongkanom,COPIED
lab-1-2023-2-cedt-Nonnyss,COPIED
lab-1-2023-2-cedt-NpSoHs,COPIED
lab-1-2023-2-cedt-Oatkrub,COPIED
lab-1-2023-2-cedt-OshiroeO,COPIED
lab-1-2023-2-cedt-P-3142857,COPIED
lab-1-2023-2-cedt-PIVIIII,COPIED
lab-1-2023-2-cedt-Paimeews,COPIED
lab-1-2023-2-cedt-PakornBank,COPIED
lab-1-2023-2-cedt-Panachai-A,NO_PNG
lab-1-2023-2-cedt-Pariodus,COPIED
lab-1-2023-2-cedt-Patchanon51428,COPIED
lab-1-2023-2-cedt-PattananNinja,NO_PNG
lab-1-2023-2-cedt-PawatRat,COPIED
lab-1-2023-2-cedt-PePeKirika,COPIED
lab-1-2023-2-cedt-PeemSx,COPIED
lab-1-2023-2-cedt-Phicham,COPIED
lab-1-2023-2-cedt-Phudit-2547,NO_PNG
lab-1-2023-2-cedt-PhureeXD,COPIED
lab-1-2023-2-cedt-Piinxluna,COPIED
lab-1-2023-2-cedt-PitchsineeLertpanjasri,COPIED
lab-1-2023-2-cedt-Pittayaice,COPIED
lab-1-2023-2-cedt-PiyawatArt,COPIED
lab-1-2023-2-cedt-Ploparov,COPIED
lab-1-2023-2-cedt-Pongsaky,COPIED
lab-1-2023-2-cedt-Ponoie,NO_PNG
lab-1-2023-2-cedt-Poomrapee-chsk,COPIED
lab-1-2023-2-cedt-Ppint,COPIED
lab-1-2023-2-cedt-Prairiet,COPIED
lab-1-2023-2-cedt-PuffinPole,COPIED
lab-1-2023-2-cedt-Punnarun,COPIED
lab-1-2023-2-cedt-Rachanonnn,COPIED
lab-1-2023-2-cedt-RadicalTray,COPIED
lab-1-2023-2-cedt-RatchanonMo,COPIED
lab-1-2023-2-cedt-RawSalmon69,COPIED
lab-1-2023-2-cedt-Razan-S,NO_PNG
lab-1-2023-2-cedt-RealThamvarut,COPIED
lab-1-2023-2-cedt-SIER101,COPIED
lab-1-2023-2-cedt-SPACER16871,NO_PNG
lab-1-2023-2-cedt-ShamaW,COPIED
lab-1-2023-2-cedt-Shiorashi,COPIED
lab-1-2023-2-cedt-Siamrat27,MULTIPLE_PNGS
lab-1-2023-2-cedt-SigmaFong,COPIED
lab-1-2023-2-cedt-SirateeTopradit,COPIED
lab-1-2023-2-cedt-Star2578,COPIED
lab-1-2023-2-cedt-SuchAsYangPara,MULTIPLE_PNGS
lab-1-2023-2-cedt-SureepornChayanopparat,NO_PNG
lab-1-2023-2-cedt-TAnvilrock,COPIED
lab-1-2023-2-cedt-TENet1010,COPIED
lab-1-2023-2-cedt-Taihenc,COPIED
lab-1-2023-2-cedt-Takedaxz,COPIED
lab-1-2023-2-cedt-TaksaphornNow,COPIED
lab-1-2023-2-cedt-TanPassapol,COPIED
lab-1-2023-2-cedt-TanThanaphat,COPIED
lab-1-2023-2-cedt-TaritArtchana,NO_PNG
lab-1-2023-2-cedt-Taspol,COPIED
lab-1-2023-2-cedt-Tata11jr,COPIED
lab-1-2023-2-cedt-Tawanchetsada,COPIED
lab-1-2023-2-cedt-Teephonjarun,NO_PNG
lab-1-2023-2-cedt-TenJit,COPIED
lab-1-2023-2-cedt-TentAchita,COPIED
lab-1-2023-2-cedt-Thaniyakit,COPIED
lab-1-2023-2-cedt-Tonphon,COPIED
lab-1-2023-2-cedt-Toptennn,COPIED
lab-1-2023-2-cedt-Totoay,NO_PNG
lab-1-2023-2-cedt-Tuckkrub00,COPIED
lab-1-2023-2-cedt-UnicornZ55,COPIED
lab-1-2023-2-cedt-Unnyaamaanee,COPIED
lab-1-2023-2-cedt-VeerapatSintupong123,MULTIPLE_PNGS
lab-1-2023-2-cedt-VickyManCH,COPIED
lab-1-2023-2-cedt-VizKey01,COPIED
lab-1-2023-2-cedt-WanRatchapol,COPIED
lab-1-2023-2-cedt-Wasapapoon,COPIED
lab-1-2023-2-cedt-WsuperwhaleW,NO_PNG
lab-1-2023-2-cedt-Wuaimi,COPIED
lab-1-2023-2-cedt-XunFlowerrr,NO_PNG
lab-1-2023-2-cedt-YAMAEARTH,NO_PNG
lab-1-2023-2-cedt-YYogurt,COPIED
lab-1-2023-2-cedt-Yiwahpsp,COPIED
lab-1-2023-2-cedt-Yurills,MULTIPLE_PNGS
lab-1-2023-2-cedt-Zz1rg,COPIED
lab-1-2023-2-cedt-agehcx,COPIED
lab-1-2023-2-cedt-aiyapatv,COPIED
lab-1-2023-2-cedt-amphikapha,COPIED
lab-1-2023-2-cedt-apiphoomchu,COPIED
lab-1-2023-2-cedt-aunnieasd,NO_PNG
lab-1-2023-2-cedt-baayyaab,NO_PNG
lab-1-2023-2-cedt-blob124,NO_PNG
lab-1-2023-2-cedt-bonkizu,COPIED
lab-1-2023-2-cedt-borwornpob,NO_PNG
lab-1-2023-2-cedt-bpantan202,NO_PNG
lab-1-2023-2-cedt-bxstrs,NO_PNG
lab-1-2023-2-cedt-cesa3,NO_PNG
lab-1-2023-2-cedt-chayaphon123,MULTIPLE_PNGS
lab-1-2023-2-cedt-chwlm,COPIED
lab-1-2023-2-cedt-cocoakittychula,COPIED
lab-1-2023-2-cedt-danielza6655,COPIED
lab-1-2023-2-cedt-datswhaaan,COPIED
lab-1-2023-2-cedt-earntt,COPIED
lab-1-2023-2-cedt-eiei403,NO_PNG
lab-1-2023-2-cedt-esthxrs,COPIED
lab-1-2023-2-cedt-etarth,NO_PNG
lab-1-2023-2-cedt-flagrantii,COPIED
lab-1-2023-2-cedt-focustoplaner,MULTIPLE_PNGS
lab-1-2023-2-cedt-gg05t,COPIED
lab-1-2023-2-cedt-goffu7,COPIED
lab-1-2023-2-cedt-growywl,COPIED
lab-1-2023-2-cedt-guptun2547,COPIED
lab-1-2023-2-cedt-gygigies,COPIED
lab-1-2023-2-cedt-hoshioka-aoi,COPIED
lab-1-2023-2-cedt-i300m,NO_PNG
lab-1-2023-2-cedt-iamtanong,COPIED
lab-1-2023-2-cedt-imppariya,MULTIPLE_PNGS
lab-1-2023-2-cedt-imsobluu,COPIED
lab-1-2023-2-cedt-iwishiwasntlive,NO_PNG
lab-1-2023-2-cedt-jeeholy,NO_PNG
lab-1-2023-2-cedt-joshnaja,COPIED
lab-1-2023-2-cedt-jowkemm,COPIED
lab-1-2023-2-cedt-jpnshutter,COPIED
lab-1-2023-2-cedt-kangkengkhadev,NO_PNG
lab-1-2023-2-cedt-kaorat,COPIED
lab-1-2023-2-cedt-kawinwatleo,COPIED
lab-1-2023-2-cedt-kawkongq,NO_PNG
lab-1-2023-2-cedt-kcopyk,COPIED
lab-1-2023-2-cedt-kharutta,COPIED
lab-1-2023-2-cedt-khongkrapuns,COPIED
lab-1-2023-2-cedt-kiszxly,COPIED
lab-1-2023-2-cedt-kittipong9000,COPIED
lab-1-2023-2-cedt-kkpongza,COPIED
lab-1-2023-2-cedt-kong1912,NO_PNG
lab-1-2023-2-cedt-konglol524,COPIED
lab-1-2023-2-cedt-koontimmmy,NO_PNG
lab-1-2023-2-cedt-kphotchara,COPIED
lab-1-2023-2-cedt-ktpmix,COPIED
lab-1-2023-2-cedt-kwinboss,COPIED
lab-1-2023-2-cedt-lDarkBeatl,COPIED
lab-1-2023-2-cedt-maamossey,COPIED
lab-1-2023-2-cedt-maisoravit,COPIED
lab-1-2023-2-cedt-marshmeowllo,COPIED
lab-1-2023-2-cedt-martnarabodee,COPIED
lab-1-2023-2-cedt-mdpmodel,COPIED
lab-1-2023-2-cedt-mingssii,COPIED
lab-1-2023-2-cedt-nampetch1122a,NO_PNG
lab-1-2023-2-cedt-nattapatque,NO_PNG
lab-1-2023-2-cedt-night-sornram,COPIED
lab-1-2023-2-cedt-noobexee,NO_PNG
lab-1-2023-2-cedt-paakmon,COPIED
lab-1-2023-2-cedt-parapims,COPIED
lab-1-2023-2-cedt-pccherrii,COPIED
lab-1-2023-2-cedt-pcpaugust,COPIED
lab-1-2023-2-cedt-peakied,COPIED
lab-1-2023-2-cedt-peeppeep0505,COPIED
lab-1-2023-2-cedt-pharsai,NO_PNG
lab-1-2023-2-cedt-pierottt,COPIED
lab-1-2023-2-cedt-ponyz1,COPIED
lab-1-2023-2-cedt-pperatuch,NO_PNG
lab-1-2023-2-cedt-ppxmmm,NO_PNG
lab-1-2023-2-cedt-pratimakornXD,NO_PNG
lab-1-2023-2-cedt-prinnasit,COPIED
lab-1-2023-2-cedt-prinpenpiz,COPIED
lab-1-2023-2-cedt-punchanabu,COPIED
lab-1-2023-2-cedt-punchpnp,COPIED
lab-1-2023-2-cedt-punpao,COPIED
lab-1-2023-2-cedt-puran6979,COPIED
lab-1-2023-2-cedt-puremPP,NO_PNG
lab-1-2023-2-cedt-rainydayo,COPIED
lab-1-2023-2-cedt-ravisaradx,COPIED
lab-1-2023-2-cedt-sgcom3,COPIED
lab-1-2023-2-cedt-sherlyzi,COPIED
lab-1-2023-2-cedt-softenxister,NO_PNG
lab-1-2023-2-cedt-stormnoopper,COPIED
lab-1-2023-2-cedt-suradet16,COPIED
lab-1-2023-2-cedt-tanboon,COPIED
lab-1-2023-2-cedt-tangtnp,COPIED
lab-1-2023-2-cedt-tatatitutatuay,COPIED
lab-1-2023-2-cedt-tawanorkchiengtai,NO_PNG
lab-1-2023-2-cedt-tewpongamorn123,COPIED
lab-1-2023-2-cedt-thamthorn,COPIED
lab-1-2023-2-cedt-thepbordin,COPIED
lab-1-2023-2-cedt-thipbadee,COPIED
lab-1-2023-2-cedt-tinayahcc,COPIED
lab-1-2023-2-cedt-tippaphanun,COPIED
lab-1-2023-2-cedt-torrak,COPIED
lab-1-2023-2-cedt-understann,COPIED
lab-1-2023-2-cedt-v1neyard,COPIED
lab-1-2023-2-cedt-vetozer6417,NO_PNG
lab-1-2023-2-cedt-vichayabhas,NO_PNG
lab-1-2023-2-cedt-viewtaksa,COPIED
lab-1-2023-2-cedt-webbalaka,COPIED
lab-1-2023-2-cedt-whourmm,COPIED
lab-1-2023-2-cedt-wiraphatys,COPIED
lab-1-2023-2-cedt-witchakra,COPIED
lab-1-2023-2-cedt-wjprxme,COPIED
lab-1-2023-2-cedt-xXpeira12,COPIED
lab-1-2023-2-cedt-yadsun687,COPIED
lab-1-2023-2-cedt-yosita-rd,COPIED
lab-1-2023-2-cedt-zillawisj,COPIED
